{"name":"onepdl-loc-data-service","classpathEntries":[{"kind":"binary","path":"C:\\Program Files\\OpenJDK11\\lib\\jrt-fs.jar","sourceContainerUrl":"file:/C:/Program%20Files/OpenJDK11/lib/src.zip","javadocContainerUrl":"https://docs.oracle.com/javase/11/docs/api/","isSystem":true,"isOwn":false,"isTest":false,"isJavaContent":false},{"kind":"binary","path":"C:\\Users\\vibaki\\.m2\\repository\\org\\springframework\\boot\\spring-boot-starter-data-mongodb\\2.1.2.RELEASE\\spring-boot-starter-data-mongodb-2.1.2.RELEASE.jar","isSystem":false,"isOwn":false,"isTest":false,"isJavaContent":false},{"kind":"binary","path":"C:\\Users\\vibaki\\.m2\\repository\\org\\springframework\\boot\\spring-boot-starter\\2.1.2.RELEASE\\spring-boot-starter-2.1.2.RELEASE.jar","isSystem":false,"isOwn":false,"isTest":false,"isJavaContent":false},{"kind":"binary","path":"C:\\Users\\vibaki\\.m2\\repository\\org\\springframework\\boot\\spring-boot\\2.1.2.RELEASE\\spring-boot-2.1.2.RELEASE.jar","sourceContainerUrl":"file:/C:/Users/vibaki/.m2/repository/org/springframework/boot/spring-boot/2.1.2.RELEASE/spring-boot-2.1.2.RELEASE-sources.jar","javadocContainerUrl":"file:/C:/Users/vibaki/.m2/repository/org/springframework/boot/spring-boot/2.1.2.RELEASE/spring-boot-2.1.2.RELEASE-javadoc.jar","isSystem":false,"isOwn":false,"isTest":false,"isJavaContent":false},{"kind":"binary","path":"C:\\Users\\vibaki\\.m2\\repository\\org\\springframework\\boot\\spring-boot-autoconfigure\\2.1.2.RELEASE\\spring-boot-autoconfigure-2.1.2.RELEASE.jar","sourceContainerUrl":"file:/C:/Users/vibaki/.m2/repository/org/springframework/boot/spring-boot-autoconfigure/2.1.2.RELEASE/spring-boot-autoconfigure-2.1.2.RELEASE-sources.jar","javadocContainerUrl":"file:/C:/Users/vibaki/.m2/repository/org/springframework/boot/spring-boot-autoconfigure/2.1.2.RELEASE/spring-boot-autoconfigure-2.1.2.RELEASE-javadoc.jar","isSystem":false,"isOwn":false,"isTest":false,"isJavaContent":false},{"kind":"binary","path":"C:\\Users\\vibaki\\.m2\\repository\\org\\springframework\\boot\\spring-boot-starter-logging\\2.1.2.RELEASE\\spring-boot-starter-logging-2.1.2.RELEASE.jar","isSystem":false,"isOwn":false,"isTest":false,"isJavaContent":false},{"kind":"binary","path":"C:\\Users\\vibaki\\.m2\\repository\\org\\apache\\logging\\log4j\\log4j-to-slf4j\\2.11.1\\log4j-to-slf4j-2.11.1.jar","sourceContainerUrl":"file:/C:/Users/vibaki/.m2/repository/org/apache/logging/log4j/log4j-to-slf4j/2.11.1/log4j-to-slf4j-2.11.1-sources.jar","javadocContainerUrl":"file:/C:/Users/vibaki/.m2/repository/org/apache/logging/log4j/log4j-to-slf4j/2.11.1/log4j-to-slf4j-2.11.1-javadoc.jar","isSystem":false,"isOwn":false,"isTest":false,"isJavaContent":false},{"kind":"binary","path":"C:\\Users\\vibaki\\.m2\\repository\\org\\apache\\logging\\log4j\\log4j-api\\2.11.1\\log4j-api-2.11.1.jar","sourceContainerUrl":"file:/C:/Users/vibaki/.m2/repository/org/apache/logging/log4j/log4j-api/2.11.1/log4j-api-2.11.1-sources.jar","javadocContainerUrl":"file:/C:/Users/vibaki/.m2/repository/org/apache/logging/log4j/log4j-api/2.11.1/log4j-api-2.11.1-javadoc.jar","isSystem":false,"isOwn":false,"isTest":false,"isJavaContent":false},{"kind":"binary","path":"C:\\Users\\vibaki\\.m2\\repository\\org\\slf4j\\jul-to-slf4j\\1.7.25\\jul-to-slf4j-1.7.25.jar","sourceContainerUrl":"file:/C:/Users/vibaki/.m2/repository/org/slf4j/jul-to-slf4j/1.7.25/jul-to-slf4j-1.7.25-sources.jar","javadocContainerUrl":"file:/C:/Users/vibaki/.m2/repository/org/slf4j/jul-to-slf4j/1.7.25/jul-to-slf4j-1.7.25-javadoc.jar","isSystem":false,"isOwn":false,"isTest":false,"isJavaContent":false},{"kind":"binary","path":"C:\\Users\\vibaki\\.m2\\repository\\javax\\annotation\\javax.annotation-api\\1.3.2\\javax.annotation-api-1.3.2.jar","sourceContainerUrl":"file:/C:/Users/vibaki/.m2/repository/javax/annotation/javax.annotation-api/1.3.2/javax.annotation-api-1.3.2-sources.jar","javadocContainerUrl":"file:/C:/Users/vibaki/.m2/repository/javax/annotation/javax.annotation-api/1.3.2/javax.annotation-api-1.3.2-javadoc.jar","isSystem":false,"isOwn":false,"isTest":false,"isJavaContent":false},{"kind":"binary","path":"C:\\Users\\vibaki\\.m2\\repository\\org\\yaml\\snakeyaml\\1.23\\snakeyaml-1.23.jar","sourceContainerUrl":"file:/C:/Users/vibaki/.m2/repository/org/yaml/snakeyaml/1.23/snakeyaml-1.23-sources.jar","javadocContainerUrl":"file:/C:/Users/vibaki/.m2/repository/org/yaml/snakeyaml/1.23/snakeyaml-1.23-javadoc.jar","isSystem":false,"isOwn":false,"isTest":false,"isJavaContent":false},{"kind":"binary","path":"C:\\Users\\vibaki\\.m2\\repository\\org\\mongodb\\mongodb-driver\\3.8.2\\mongodb-driver-3.8.2.jar","sourceContainerUrl":"file:/C:/Users/vibaki/.m2/repository/org/mongodb/mongodb-driver/3.8.2/mongodb-driver-3.8.2-sources.jar","javadocContainerUrl":"file:/C:/Users/vibaki/.m2/repository/org/mongodb/mongodb-driver/3.8.2/mongodb-driver-3.8.2-javadoc.jar","isSystem":false,"isOwn":false,"isTest":false,"isJavaContent":false},{"kind":"binary","path":"C:\\Users\\vibaki\\.m2\\repository\\org\\mongodb\\bson\\3.8.2\\bson-3.8.2.jar","sourceContainerUrl":"file:/C:/Users/vibaki/.m2/repository/org/mongodb/bson/3.8.2/bson-3.8.2-sources.jar","javadocContainerUrl":"file:/C:/Users/vibaki/.m2/repository/org/mongodb/bson/3.8.2/bson-3.8.2-javadoc.jar","isSystem":false,"isOwn":false,"isTest":false,"isJavaContent":false},{"kind":"binary","path":"C:\\Users\\vibaki\\.m2\\repository\\org\\mongodb\\mongodb-driver-core\\3.8.2\\mongodb-driver-core-3.8.2.jar","sourceContainerUrl":"file:/C:/Users/vibaki/.m2/repository/org/mongodb/mongodb-driver-core/3.8.2/mongodb-driver-core-3.8.2-sources.jar","javadocContainerUrl":"file:/C:/Users/vibaki/.m2/repository/org/mongodb/mongodb-driver-core/3.8.2/mongodb-driver-core-3.8.2-javadoc.jar","isSystem":false,"isOwn":false,"isTest":false,"isJavaContent":false},{"kind":"binary","path":"C:\\Users\\vibaki\\.m2\\repository\\org\\springframework\\data\\spring-data-mongodb\\2.1.4.RELEASE\\spring-data-mongodb-2.1.4.RELEASE.jar","sourceContainerUrl":"file:/C:/Users/vibaki/.m2/repository/org/springframework/data/spring-data-mongodb/2.1.4.RELEASE/spring-data-mongodb-2.1.4.RELEASE-sources.jar","javadocContainerUrl":"file:/C:/Users/vibaki/.m2/repository/org/springframework/data/spring-data-mongodb/2.1.4.RELEASE/spring-data-mongodb-2.1.4.RELEASE-javadoc.jar","isSystem":false,"isOwn":false,"isTest":false,"isJavaContent":false},{"kind":"binary","path":"C:\\Users\\vibaki\\.m2\\repository\\org\\springframework\\spring-tx\\5.1.4.RELEASE\\spring-tx-5.1.4.RELEASE.jar","sourceContainerUrl":"file:/C:/Users/vibaki/.m2/repository/org/springframework/spring-tx/5.1.4.RELEASE/spring-tx-5.1.4.RELEASE-sources.jar","javadocContainerUrl":"file:/C:/Users/vibaki/.m2/repository/org/springframework/spring-tx/5.1.4.RELEASE/spring-tx-5.1.4.RELEASE-javadoc.jar","isSystem":false,"isOwn":false,"isTest":false,"isJavaContent":false},{"kind":"binary","path":"C:\\Users\\vibaki\\.m2\\repository\\org\\springframework\\spring-context\\5.1.4.RELEASE\\spring-context-5.1.4.RELEASE.jar","sourceContainerUrl":"file:/C:/Users/vibaki/.m2/repository/org/springframework/spring-context/5.1.4.RELEASE/spring-context-5.1.4.RELEASE-sources.jar","javadocContainerUrl":"file:/C:/Users/vibaki/.m2/repository/org/springframework/spring-context/5.1.4.RELEASE/spring-context-5.1.4.RELEASE-javadoc.jar","isSystem":false,"isOwn":false,"isTest":false,"isJavaContent":false},{"kind":"binary","path":"C:\\Users\\vibaki\\.m2\\repository\\org\\springframework\\spring-beans\\5.1.4.RELEASE\\spring-beans-5.1.4.RELEASE.jar","sourceContainerUrl":"file:/C:/Users/vibaki/.m2/repository/org/springframework/spring-beans/5.1.4.RELEASE/spring-beans-5.1.4.RELEASE-sources.jar","javadocContainerUrl":"file:/C:/Users/vibaki/.m2/repository/org/springframework/spring-beans/5.1.4.RELEASE/spring-beans-5.1.4.RELEASE-javadoc.jar","isSystem":false,"isOwn":false,"isTest":false,"isJavaContent":false},{"kind":"binary","path":"C:\\Users\\vibaki\\.m2\\repository\\org\\springframework\\spring-expression\\5.1.4.RELEASE\\spring-expression-5.1.4.RELEASE.jar","sourceContainerUrl":"file:/C:/Users/vibaki/.m2/repository/org/springframework/spring-expression/5.1.4.RELEASE/spring-expression-5.1.4.RELEASE-sources.jar","javadocContainerUrl":"file:/C:/Users/vibaki/.m2/repository/org/springframework/spring-expression/5.1.4.RELEASE/spring-expression-5.1.4.RELEASE-javadoc.jar","isSystem":false,"isOwn":false,"isTest":false,"isJavaContent":false},{"kind":"binary","path":"C:\\Users\\vibaki\\.m2\\repository\\org\\springframework\\data\\spring-data-commons\\2.1.4.RELEASE\\spring-data-commons-2.1.4.RELEASE.jar","sourceContainerUrl":"file:/C:/Users/vibaki/.m2/repository/org/springframework/data/spring-data-commons/2.1.4.RELEASE/spring-data-commons-2.1.4.RELEASE-sources.jar","javadocContainerUrl":"file:/C:/Users/vibaki/.m2/repository/org/springframework/data/spring-data-commons/2.1.4.RELEASE/spring-data-commons-2.1.4.RELEASE-javadoc.jar","isSystem":false,"isOwn":false,"isTest":false,"isJavaContent":false},{"kind":"binary","path":"C:\\Users\\vibaki\\.m2\\repository\\org\\springframework\\boot\\spring-boot-starter-amqp\\2.1.2.RELEASE\\spring-boot-starter-amqp-2.1.2.RELEASE.jar","isSystem":false,"isOwn":false,"isTest":false,"isJavaContent":false},{"kind":"binary","path":"C:\\Users\\vibaki\\.m2\\repository\\org\\springframework\\spring-messaging\\5.1.4.RELEASE\\spring-messaging-5.1.4.RELEASE.jar","sourceContainerUrl":"file:/C:/Users/vibaki/.m2/repository/org/springframework/spring-messaging/5.1.4.RELEASE/spring-messaging-5.1.4.RELEASE-sources.jar","javadocContainerUrl":"file:/C:/Users/vibaki/.m2/repository/org/springframework/spring-messaging/5.1.4.RELEASE/spring-messaging-5.1.4.RELEASE-javadoc.jar","isSystem":false,"isOwn":false,"isTest":false,"isJavaContent":false},{"kind":"binary","path":"C:\\Users\\vibaki\\.m2\\repository\\org\\springframework\\amqp\\spring-rabbit\\2.1.3.RELEASE\\spring-rabbit-2.1.3.RELEASE.jar","sourceContainerUrl":"file:/C:/Users/vibaki/.m2/repository/org/springframework/amqp/spring-rabbit/2.1.3.RELEASE/spring-rabbit-2.1.3.RELEASE-sources.jar","javadocContainerUrl":"file:/C:/Users/vibaki/.m2/repository/org/springframework/amqp/spring-rabbit/2.1.3.RELEASE/spring-rabbit-2.1.3.RELEASE-javadoc.jar","isSystem":false,"isOwn":false,"isTest":false,"isJavaContent":false},{"kind":"binary","path":"C:\\Users\\vibaki\\.m2\\repository\\org\\springframework\\amqp\\spring-amqp\\2.1.3.RELEASE\\spring-amqp-2.1.3.RELEASE.jar","sourceContainerUrl":"file:/C:/Users/vibaki/.m2/repository/org/springframework/amqp/spring-amqp/2.1.3.RELEASE/spring-amqp-2.1.3.RELEASE-sources.jar","javadocContainerUrl":"file:/C:/Users/vibaki/.m2/repository/org/springframework/amqp/spring-amqp/2.1.3.RELEASE/spring-amqp-2.1.3.RELEASE-javadoc.jar","isSystem":false,"isOwn":false,"isTest":false,"isJavaContent":false},{"kind":"binary","path":"C:\\Users\\vibaki\\.m2\\repository\\org\\springframework\\retry\\spring-retry\\1.2.3.RELEASE\\spring-retry-1.2.3.RELEASE.jar","sourceContainerUrl":"file:/C:/Users/vibaki/.m2/repository/org/springframework/retry/spring-retry/1.2.3.RELEASE/spring-retry-1.2.3.RELEASE-sources.jar","javadocContainerUrl":"file:/C:/Users/vibaki/.m2/repository/org/springframework/retry/spring-retry/1.2.3.RELEASE/spring-retry-1.2.3.RELEASE-javadoc.jar","isSystem":false,"isOwn":false,"isTest":false,"isJavaContent":false},{"kind":"binary","path":"C:\\Users\\vibaki\\.m2\\repository\\com\\rabbitmq\\amqp-client\\5.4.3\\amqp-client-5.4.3.jar","sourceContainerUrl":"file:/C:/Users/vibaki/.m2/repository/com/rabbitmq/amqp-client/5.4.3/amqp-client-5.4.3-sources.jar","javadocContainerUrl":"file:/C:/Users/vibaki/.m2/repository/com/rabbitmq/amqp-client/5.4.3/amqp-client-5.4.3-javadoc.jar","isSystem":false,"isOwn":false,"isTest":false,"isJavaContent":false},{"kind":"binary","path":"C:\\Users\\vibaki\\.m2\\repository\\org\\springframework\\boot\\spring-boot-starter-web\\2.1.2.RELEASE\\spring-boot-starter-web-2.1.2.RELEASE.jar","isSystem":false,"isOwn":false,"isTest":false,"isJavaContent":false},{"kind":"binary","path":"C:\\Users\\vibaki\\.m2\\repository\\org\\springframework\\boot\\spring-boot-starter-json\\2.1.2.RELEASE\\spring-boot-starter-json-2.1.2.RELEASE.jar","isSystem":false,"isOwn":false,"isTest":false,"isJavaContent":false},{"kind":"binary","path":"C:\\Users\\vibaki\\.m2\\repository\\com\\fasterxml\\jackson\\datatype\\jackson-datatype-jdk8\\2.9.8\\jackson-datatype-jdk8-2.9.8.jar","sourceContainerUrl":"file:/C:/Users/vibaki/.m2/repository/com/fasterxml/jackson/datatype/jackson-datatype-jdk8/2.9.8/jackson-datatype-jdk8-2.9.8-sources.jar","javadocContainerUrl":"file:/C:/Users/vibaki/.m2/repository/com/fasterxml/jackson/datatype/jackson-datatype-jdk8/2.9.8/jackson-datatype-jdk8-2.9.8-javadoc.jar","isSystem":false,"isOwn":false,"isTest":false,"isJavaContent":false},{"kind":"binary","path":"C:\\Users\\vibaki\\.m2\\repository\\com\\fasterxml\\jackson\\datatype\\jackson-datatype-jsr310\\2.9.8\\jackson-datatype-jsr310-2.9.8.jar","sourceContainerUrl":"file:/C:/Users/vibaki/.m2/repository/com/fasterxml/jackson/datatype/jackson-datatype-jsr310/2.9.8/jackson-datatype-jsr310-2.9.8-sources.jar","javadocContainerUrl":"file:/C:/Users/vibaki/.m2/repository/com/fasterxml/jackson/datatype/jackson-datatype-jsr310/2.9.8/jackson-datatype-jsr310-2.9.8-javadoc.jar","isSystem":false,"isOwn":false,"isTest":false,"isJavaContent":false},{"kind":"binary","path":"C:\\Users\\vibaki\\.m2\\repository\\com\\fasterxml\\jackson\\module\\jackson-module-parameter-names\\2.9.8\\jackson-module-parameter-names-2.9.8.jar","sourceContainerUrl":"file:/C:/Users/vibaki/.m2/repository/com/fasterxml/jackson/module/jackson-module-parameter-names/2.9.8/jackson-module-parameter-names-2.9.8-sources.jar","javadocContainerUrl":"file:/C:/Users/vibaki/.m2/repository/com/fasterxml/jackson/module/jackson-module-parameter-names/2.9.8/jackson-module-parameter-names-2.9.8-javadoc.jar","isSystem":false,"isOwn":false,"isTest":false,"isJavaContent":false},{"kind":"binary","path":"C:\\Users\\vibaki\\.m2\\repository\\org\\springframework\\boot\\spring-boot-starter-tomcat\\2.1.2.RELEASE\\spring-boot-starter-tomcat-2.1.2.RELEASE.jar","isSystem":false,"isOwn":false,"isTest":false,"isJavaContent":false},{"kind":"binary","path":"C:\\Users\\vibaki\\.m2\\repository\\org\\apache\\tomcat\\embed\\tomcat-embed-core\\9.0.14\\tomcat-embed-core-9.0.14.jar","sourceContainerUrl":"file:/C:/Users/vibaki/.m2/repository/org/apache/tomcat/embed/tomcat-embed-core/9.0.14/tomcat-embed-core-9.0.14-sources.jar","isSystem":false,"isOwn":false,"isTest":false,"isJavaContent":false},{"kind":"binary","path":"C:\\Users\\vibaki\\.m2\\repository\\org\\apache\\tomcat\\embed\\tomcat-embed-el\\9.0.14\\tomcat-embed-el-9.0.14.jar","sourceContainerUrl":"file:/C:/Users/vibaki/.m2/repository/org/apache/tomcat/embed/tomcat-embed-el/9.0.14/tomcat-embed-el-9.0.14-sources.jar","isSystem":false,"isOwn":false,"isTest":false,"isJavaContent":false},{"kind":"binary","path":"C:\\Users\\vibaki\\.m2\\repository\\org\\apache\\tomcat\\embed\\tomcat-embed-websocket\\9.0.14\\tomcat-embed-websocket-9.0.14.jar","sourceContainerUrl":"file:/C:/Users/vibaki/.m2/repository/org/apache/tomcat/embed/tomcat-embed-websocket/9.0.14/tomcat-embed-websocket-9.0.14-sources.jar","isSystem":false,"isOwn":false,"isTest":false,"isJavaContent":false},{"kind":"binary","path":"C:\\Users\\vibaki\\.m2\\repository\\org\\hibernate\\validator\\hibernate-validator\\6.0.14.Final\\hibernate-validator-6.0.14.Final.jar","sourceContainerUrl":"file:/C:/Users/vibaki/.m2/repository/org/hibernate/validator/hibernate-validator/6.0.14.Final/hibernate-validator-6.0.14.Final-sources.jar","isSystem":false,"isOwn":false,"isTest":false,"isJavaContent":false},{"kind":"binary","path":"C:\\Users\\vibaki\\.m2\\repository\\javax\\validation\\validation-api\\2.0.1.Final\\validation-api-2.0.1.Final.jar","sourceContainerUrl":"file:/C:/Users/vibaki/.m2/repository/javax/validation/validation-api/2.0.1.Final/validation-api-2.0.1.Final-sources.jar","javadocContainerUrl":"file:/C:/Users/vibaki/.m2/repository/javax/validation/validation-api/2.0.1.Final/validation-api-2.0.1.Final-javadoc.jar","isSystem":false,"isOwn":false,"isTest":false,"isJavaContent":false},{"kind":"binary","path":"C:\\Users\\vibaki\\.m2\\repository\\org\\jboss\\logging\\jboss-logging\\3.3.2.Final\\jboss-logging-3.3.2.Final.jar","sourceContainerUrl":"file:/C:/Users/vibaki/.m2/repository/org/jboss/logging/jboss-logging/3.3.2.Final/jboss-logging-3.3.2.Final-sources.jar","javadocContainerUrl":"file:/C:/Users/vibaki/.m2/repository/org/jboss/logging/jboss-logging/3.3.2.Final/jboss-logging-3.3.2.Final-javadoc.jar","isSystem":false,"isOwn":false,"isTest":false,"isJavaContent":false},{"kind":"binary","path":"C:\\Users\\vibaki\\.m2\\repository\\org\\springframework\\spring-web\\5.1.4.RELEASE\\spring-web-5.1.4.RELEASE.jar","sourceContainerUrl":"file:/C:/Users/vibaki/.m2/repository/org/springframework/spring-web/5.1.4.RELEASE/spring-web-5.1.4.RELEASE-sources.jar","javadocContainerUrl":"file:/C:/Users/vibaki/.m2/repository/org/springframework/spring-web/5.1.4.RELEASE/spring-web-5.1.4.RELEASE-javadoc.jar","isSystem":false,"isOwn":false,"isTest":false,"isJavaContent":false},{"kind":"binary","path":"C:\\Users\\vibaki\\.m2\\repository\\org\\springframework\\spring-webmvc\\5.1.4.RELEASE\\spring-webmvc-5.1.4.RELEASE.jar","sourceContainerUrl":"file:/C:/Users/vibaki/.m2/repository/org/springframework/spring-webmvc/5.1.4.RELEASE/spring-webmvc-5.1.4.RELEASE-sources.jar","javadocContainerUrl":"file:/C:/Users/vibaki/.m2/repository/org/springframework/spring-webmvc/5.1.4.RELEASE/spring-webmvc-5.1.4.RELEASE-javadoc.jar","isSystem":false,"isOwn":false,"isTest":false,"isJavaContent":false},{"kind":"binary","path":"C:\\Users\\vibaki\\.m2\\repository\\org\\springframework\\spring-aop\\5.1.4.RELEASE\\spring-aop-5.1.4.RELEASE.jar","sourceContainerUrl":"file:/C:/Users/vibaki/.m2/repository/org/springframework/spring-aop/5.1.4.RELEASE/spring-aop-5.1.4.RELEASE-sources.jar","javadocContainerUrl":"file:/C:/Users/vibaki/.m2/repository/org/springframework/spring-aop/5.1.4.RELEASE/spring-aop-5.1.4.RELEASE-javadoc.jar","isSystem":false,"isOwn":false,"isTest":false,"isJavaContent":false},{"kind":"binary","path":"C:\\Users\\vibaki\\.m2\\repository\\com\\fasterxml\\jackson\\core\\jackson-databind\\2.9.8\\jackson-databind-2.9.8.jar","sourceContainerUrl":"file:/C:/Users/vibaki/.m2/repository/com/fasterxml/jackson/core/jackson-databind/2.9.8/jackson-databind-2.9.8-sources.jar","javadocContainerUrl":"file:/C:/Users/vibaki/.m2/repository/com/fasterxml/jackson/core/jackson-databind/2.9.8/jackson-databind-2.9.8-javadoc.jar","isSystem":false,"isOwn":false,"isTest":false,"isJavaContent":false},{"kind":"binary","path":"C:\\Users\\vibaki\\.m2\\repository\\com\\fasterxml\\jackson\\core\\jackson-annotations\\2.9.0\\jackson-annotations-2.9.0.jar","sourceContainerUrl":"file:/C:/Users/vibaki/.m2/repository/com/fasterxml/jackson/core/jackson-annotations/2.9.0/jackson-annotations-2.9.0-sources.jar","javadocContainerUrl":"file:/C:/Users/vibaki/.m2/repository/com/fasterxml/jackson/core/jackson-annotations/2.9.0/jackson-annotations-2.9.0-javadoc.jar","isSystem":false,"isOwn":false,"isTest":false,"isJavaContent":false},{"kind":"binary","path":"C:\\Users\\vibaki\\.m2\\repository\\com\\fasterxml\\jackson\\core\\jackson-core\\2.9.8\\jackson-core-2.9.8.jar","sourceContainerUrl":"file:/C:/Users/vibaki/.m2/repository/com/fasterxml/jackson/core/jackson-core/2.9.8/jackson-core-2.9.8-sources.jar","javadocContainerUrl":"file:/C:/Users/vibaki/.m2/repository/com/fasterxml/jackson/core/jackson-core/2.9.8/jackson-core-2.9.8-javadoc.jar","isSystem":false,"isOwn":false,"isTest":false,"isJavaContent":false},{"kind":"binary","path":"C:\\Users\\vibaki\\.m2\\repository\\io\\springfox\\springfox-swagger2\\2.6.1\\springfox-swagger2-2.6.1.jar","sourceContainerUrl":"file:/C:/Users/vibaki/.m2/repository/io/springfox/springfox-swagger2/2.6.1/springfox-swagger2-2.6.1-sources.jar","javadocContainerUrl":"file:/C:/Users/vibaki/.m2/repository/io/springfox/springfox-swagger2/2.6.1/springfox-swagger2-2.6.1-javadoc.jar","isSystem":false,"isOwn":false,"isTest":false,"isJavaContent":false},{"kind":"binary","path":"C:\\Users\\vibaki\\.m2\\repository\\io\\swagger\\swagger-annotations\\1.5.10\\swagger-annotations-1.5.10.jar","sourceContainerUrl":"file:/C:/Users/vibaki/.m2/repository/io/swagger/swagger-annotations/1.5.10/swagger-annotations-1.5.10-sources.jar","javadocContainerUrl":"file:/C:/Users/vibaki/.m2/repository/io/swagger/swagger-annotations/1.5.10/swagger-annotations-1.5.10-javadoc.jar","isSystem":false,"isOwn":false,"isTest":false,"isJavaContent":false},{"kind":"binary","path":"C:\\Users\\vibaki\\.m2\\repository\\io\\swagger\\swagger-models\\1.5.10\\swagger-models-1.5.10.jar","sourceContainerUrl":"file:/C:/Users/vibaki/.m2/repository/io/swagger/swagger-models/1.5.10/swagger-models-1.5.10-sources.jar","javadocContainerUrl":"file:/C:/Users/vibaki/.m2/repository/io/swagger/swagger-models/1.5.10/swagger-models-1.5.10-javadoc.jar","isSystem":false,"isOwn":false,"isTest":false,"isJavaContent":false},{"kind":"binary","path":"C:\\Users\\vibaki\\.m2\\repository\\io\\springfox\\springfox-spi\\2.6.1\\springfox-spi-2.6.1.jar","sourceContainerUrl":"file:/C:/Users/vibaki/.m2/repository/io/springfox/springfox-spi/2.6.1/springfox-spi-2.6.1-sources.jar","javadocContainerUrl":"file:/C:/Users/vibaki/.m2/repository/io/springfox/springfox-spi/2.6.1/springfox-spi-2.6.1-javadoc.jar","isSystem":false,"isOwn":false,"isTest":false,"isJavaContent":false},{"kind":"binary","path":"C:\\Users\\vibaki\\.m2\\repository\\io\\springfox\\springfox-core\\2.6.1\\springfox-core-2.6.1.jar","sourceContainerUrl":"file:/C:/Users/vibaki/.m2/repository/io/springfox/springfox-core/2.6.1/springfox-core-2.6.1-sources.jar","javadocContainerUrl":"file:/C:/Users/vibaki/.m2/repository/io/springfox/springfox-core/2.6.1/springfox-core-2.6.1-javadoc.jar","isSystem":false,"isOwn":false,"isTest":false,"isJavaContent":false},{"kind":"binary","path":"C:\\Users\\vibaki\\.m2\\repository\\io\\springfox\\springfox-schema\\2.6.1\\springfox-schema-2.6.1.jar","sourceContainerUrl":"file:/C:/Users/vibaki/.m2/repository/io/springfox/springfox-schema/2.6.1/springfox-schema-2.6.1-sources.jar","javadocContainerUrl":"file:/C:/Users/vibaki/.m2/repository/io/springfox/springfox-schema/2.6.1/springfox-schema-2.6.1-javadoc.jar","isSystem":false,"isOwn":false,"isTest":false,"isJavaContent":false},{"kind":"binary","path":"C:\\Users\\vibaki\\.m2\\repository\\io\\springfox\\springfox-swagger-common\\2.6.1\\springfox-swagger-common-2.6.1.jar","sourceContainerUrl":"file:/C:/Users/vibaki/.m2/repository/io/springfox/springfox-swagger-common/2.6.1/springfox-swagger-common-2.6.1-sources.jar","javadocContainerUrl":"file:/C:/Users/vibaki/.m2/repository/io/springfox/springfox-swagger-common/2.6.1/springfox-swagger-common-2.6.1-javadoc.jar","isSystem":false,"isOwn":false,"isTest":false,"isJavaContent":false},{"kind":"binary","path":"C:\\Users\\vibaki\\.m2\\repository\\io\\springfox\\springfox-spring-web\\2.6.1\\springfox-spring-web-2.6.1.jar","sourceContainerUrl":"file:/C:/Users/vibaki/.m2/repository/io/springfox/springfox-spring-web/2.6.1/springfox-spring-web-2.6.1-sources.jar","javadocContainerUrl":"file:/C:/Users/vibaki/.m2/repository/io/springfox/springfox-spring-web/2.6.1/springfox-spring-web-2.6.1-javadoc.jar","isSystem":false,"isOwn":false,"isTest":false,"isJavaContent":false},{"kind":"binary","path":"C:\\Users\\vibaki\\.m2\\repository\\com\\fasterxml\\classmate\\1.4.0\\classmate-1.4.0.jar","sourceContainerUrl":"file:/C:/Users/vibaki/.m2/repository/com/fasterxml/classmate/1.4.0/classmate-1.4.0-sources.jar","javadocContainerUrl":"file:/C:/Users/vibaki/.m2/repository/com/fasterxml/classmate/1.4.0/classmate-1.4.0-javadoc.jar","isSystem":false,"isOwn":false,"isTest":false,"isJavaContent":false},{"kind":"binary","path":"C:\\Users\\vibaki\\.m2\\repository\\org\\slf4j\\slf4j-api\\1.7.25\\slf4j-api-1.7.25.jar","sourceContainerUrl":"file:/C:/Users/vibaki/.m2/repository/org/slf4j/slf4j-api/1.7.25/slf4j-api-1.7.25-sources.jar","javadocContainerUrl":"file:/C:/Users/vibaki/.m2/repository/org/slf4j/slf4j-api/1.7.25/slf4j-api-1.7.25-javadoc.jar","isSystem":false,"isOwn":false,"isTest":false,"isJavaContent":false},{"kind":"binary","path":"C:\\Users\\vibaki\\.m2\\repository\\org\\springframework\\plugin\\spring-plugin-core\\1.2.0.RELEASE\\spring-plugin-core-1.2.0.RELEASE.jar","sourceContainerUrl":"file:/C:/Users/vibaki/.m2/repository/org/springframework/plugin/spring-plugin-core/1.2.0.RELEASE/spring-plugin-core-1.2.0.RELEASE-sources.jar","javadocContainerUrl":"file:/C:/Users/vibaki/.m2/repository/org/springframework/plugin/spring-plugin-core/1.2.0.RELEASE/spring-plugin-core-1.2.0.RELEASE-javadoc.jar","isSystem":false,"isOwn":false,"isTest":false,"isJavaContent":false},{"kind":"binary","path":"C:\\Users\\vibaki\\.m2\\repository\\org\\springframework\\plugin\\spring-plugin-metadata\\1.2.0.RELEASE\\spring-plugin-metadata-1.2.0.RELEASE.jar","sourceContainerUrl":"file:/C:/Users/vibaki/.m2/repository/org/springframework/plugin/spring-plugin-metadata/1.2.0.RELEASE/spring-plugin-metadata-1.2.0.RELEASE-sources.jar","javadocContainerUrl":"file:/C:/Users/vibaki/.m2/repository/org/springframework/plugin/spring-plugin-metadata/1.2.0.RELEASE/spring-plugin-metadata-1.2.0.RELEASE-javadoc.jar","isSystem":false,"isOwn":false,"isTest":false,"isJavaContent":false},{"kind":"binary","path":"C:\\Users\\vibaki\\.m2\\repository\\org\\mapstruct\\mapstruct\\1.0.0.Final\\mapstruct-1.0.0.Final.jar","sourceContainerUrl":"file:/C:/Users/vibaki/.m2/repository/org/mapstruct/mapstruct/1.0.0.Final/mapstruct-1.0.0.Final-sources.jar","javadocContainerUrl":"file:/C:/Users/vibaki/.m2/repository/org/mapstruct/mapstruct/1.0.0.Final/mapstruct-1.0.0.Final-javadoc.jar","isSystem":false,"isOwn":false,"isTest":false,"isJavaContent":false},{"kind":"binary","path":"C:\\Users\\vibaki\\.m2\\repository\\io\\springfox\\springfox-swagger-ui\\2.6.1\\springfox-swagger-ui-2.6.1.jar","sourceContainerUrl":"file:/C:/Users/vibaki/.m2/repository/io/springfox/springfox-swagger-ui/2.6.1/springfox-swagger-ui-2.6.1-sources.jar","javadocContainerUrl":"file:/C:/Users/vibaki/.m2/repository/io/springfox/springfox-swagger-ui/2.6.1/springfox-swagger-ui-2.6.1-javadoc.jar","isSystem":false,"isOwn":false,"isTest":false,"isJavaContent":false},{"kind":"binary","path":"C:\\Users\\vibaki\\.m2\\repository\\org\\projectlombok\\lombok\\1.18.4\\lombok-1.18.4.jar","sourceContainerUrl":"file:/C:/Users/vibaki/.m2/repository/org/projectlombok/lombok/1.18.4/lombok-1.18.4-sources.jar","javadocContainerUrl":"file:/C:/Users/vibaki/.m2/repository/org/projectlombok/lombok/1.18.4/lombok-1.18.4-javadoc.jar","isSystem":false,"isOwn":false,"isTest":false,"isJavaContent":false},{"kind":"binary","path":"C:\\Users\\vibaki\\.m2\\repository\\com\\google\\guava\\guava\\19.0\\guava-19.0.jar","sourceContainerUrl":"file:/C:/Users/vibaki/.m2/repository/com/google/guava/guava/19.0/guava-19.0-sources.jar","javadocContainerUrl":"file:/C:/Users/vibaki/.m2/repository/com/google/guava/guava/19.0/guava-19.0-javadoc.jar","isSystem":false,"isOwn":false,"isTest":false,"isJavaContent":false},{"kind":"binary","path":"C:\\Users\\vibaki\\.m2\\repository\\org\\springframework\\boot\\spring-boot-starter-data-jpa\\2.1.2.RELEASE\\spring-boot-starter-data-jpa-2.1.2.RELEASE.jar","isSystem":false,"isOwn":false,"isTest":false,"isJavaContent":false},{"kind":"binary","path":"C:\\Users\\vibaki\\.m2\\repository\\org\\springframework\\boot\\spring-boot-starter-aop\\2.1.2.RELEASE\\spring-boot-starter-aop-2.1.2.RELEASE.jar","isSystem":false,"isOwn":false,"isTest":false,"isJavaContent":false},{"kind":"binary","path":"C:\\Users\\vibaki\\.m2\\repository\\org\\aspectj\\aspectjweaver\\1.9.2\\aspectjweaver-1.9.2.jar","sourceContainerUrl":"file:/C:/Users/vibaki/.m2/repository/org/aspectj/aspectjweaver/1.9.2/aspectjweaver-1.9.2-sources.jar","javadocContainerUrl":"file:/C:/Users/vibaki/.m2/repository/org/aspectj/aspectjweaver/1.9.2/aspectjweaver-1.9.2-javadoc.jar","isSystem":false,"isOwn":false,"isTest":false,"isJavaContent":false},{"kind":"binary","path":"C:\\Users\\vibaki\\.m2\\repository\\org\\springframework\\boot\\spring-boot-starter-jdbc\\2.1.2.RELEASE\\spring-boot-starter-jdbc-2.1.2.RELEASE.jar","isSystem":false,"isOwn":false,"isTest":false,"isJavaContent":false},{"kind":"binary","path":"C:\\Users\\vibaki\\.m2\\repository\\com\\zaxxer\\HikariCP\\3.2.0\\HikariCP-3.2.0.jar","sourceContainerUrl":"file:/C:/Users/vibaki/.m2/repository/com/zaxxer/HikariCP/3.2.0/HikariCP-3.2.0-sources.jar","javadocContainerUrl":"file:/C:/Users/vibaki/.m2/repository/com/zaxxer/HikariCP/3.2.0/HikariCP-3.2.0-javadoc.jar","isSystem":false,"isOwn":false,"isTest":false,"isJavaContent":false},{"kind":"binary","path":"C:\\Users\\vibaki\\.m2\\repository\\javax\\transaction\\javax.transaction-api\\1.3\\javax.transaction-api-1.3.jar","sourceContainerUrl":"file:/C:/Users/vibaki/.m2/repository/javax/transaction/javax.transaction-api/1.3/javax.transaction-api-1.3-sources.jar","javadocContainerUrl":"file:/C:/Users/vibaki/.m2/repository/javax/transaction/javax.transaction-api/1.3/javax.transaction-api-1.3-javadoc.jar","isSystem":false,"isOwn":false,"isTest":false,"isJavaContent":false},{"kind":"binary","path":"C:\\Users\\vibaki\\.m2\\repository\\javax\\xml\\bind\\jaxb-api\\2.3.1\\jaxb-api-2.3.1.jar","sourceContainerUrl":"file:/C:/Users/vibaki/.m2/repository/javax/xml/bind/jaxb-api/2.3.1/jaxb-api-2.3.1-sources.jar","javadocContainerUrl":"file:/C:/Users/vibaki/.m2/repository/javax/xml/bind/jaxb-api/2.3.1/jaxb-api-2.3.1-javadoc.jar","isSystem":false,"isOwn":false,"isTest":false,"isJavaContent":false},{"kind":"binary","path":"C:\\Users\\vibaki\\.m2\\repository\\javax\\activation\\javax.activation-api\\1.2.0\\javax.activation-api-1.2.0.jar","sourceContainerUrl":"file:/C:/Users/vibaki/.m2/repository/javax/activation/javax.activation-api/1.2.0/javax.activation-api-1.2.0-sources.jar","javadocContainerUrl":"file:/C:/Users/vibaki/.m2/repository/javax/activation/javax.activation-api/1.2.0/javax.activation-api-1.2.0-javadoc.jar","isSystem":false,"isOwn":false,"isTest":false,"isJavaContent":false},{"kind":"binary","path":"C:\\Users\\vibaki\\.m2\\repository\\org\\hibernate\\hibernate-core\\5.3.7.Final\\hibernate-core-5.3.7.Final.jar","sourceContainerUrl":"file:/C:/Users/vibaki/.m2/repository/org/hibernate/hibernate-core/5.3.7.Final/hibernate-core-5.3.7.Final-sources.jar","javadocContainerUrl":"file:/C:/Users/vibaki/.m2/repository/org/hibernate/hibernate-core/5.3.7.Final/hibernate-core-5.3.7.Final-javadoc.jar","isSystem":false,"isOwn":false,"isTest":false,"isJavaContent":false},{"kind":"binary","path":"C:\\Users\\vibaki\\.m2\\repository\\javax\\persistence\\javax.persistence-api\\2.2\\javax.persistence-api-2.2.jar","sourceContainerUrl":"file:/C:/Users/vibaki/.m2/repository/javax/persistence/javax.persistence-api/2.2/javax.persistence-api-2.2-sources.jar","javadocContainerUrl":"file:/C:/Users/vibaki/.m2/repository/javax/persistence/javax.persistence-api/2.2/javax.persistence-api-2.2-javadoc.jar","isSystem":false,"isOwn":false,"isTest":false,"isJavaContent":false},{"kind":"binary","path":"C:\\Users\\vibaki\\.m2\\repository\\org\\javassist\\javassist\\3.23.1-GA\\javassist-3.23.1-GA.jar","sourceContainerUrl":"file:/C:/Users/vibaki/.m2/repository/org/javassist/javassist/3.23.1-GA/javassist-3.23.1-GA-sources.jar","javadocContainerUrl":"file:/C:/Users/vibaki/.m2/repository/org/javassist/javassist/3.23.1-GA/javassist-3.23.1-GA-javadoc.jar","isSystem":false,"isOwn":false,"isTest":false,"isJavaContent":false},{"kind":"binary","path":"C:\\Users\\vibaki\\.m2\\repository\\net\\bytebuddy\\byte-buddy\\1.9.7\\byte-buddy-1.9.7.jar","sourceContainerUrl":"file:/C:/Users/vibaki/.m2/repository/net/bytebuddy/byte-buddy/1.9.7/byte-buddy-1.9.7-sources.jar","javadocContainerUrl":"file:/C:/Users/vibaki/.m2/repository/net/bytebuddy/byte-buddy/1.9.7/byte-buddy-1.9.7-javadoc.jar","isSystem":false,"isOwn":false,"isTest":false,"isJavaContent":false},{"kind":"binary","path":"C:\\Users\\vibaki\\.m2\\repository\\antlr\\antlr\\2.7.7\\antlr-2.7.7.jar","isSystem":false,"isOwn":false,"isTest":false,"isJavaContent":false},{"kind":"binary","path":"C:\\Users\\vibaki\\.m2\\repository\\org\\jboss\\jandex\\2.0.5.Final\\jandex-2.0.5.Final.jar","sourceContainerUrl":"file:/C:/Users/vibaki/.m2/repository/org/jboss/jandex/2.0.5.Final/jandex-2.0.5.Final-sources.jar","isSystem":false,"isOwn":false,"isTest":false,"isJavaContent":false},{"kind":"binary","path":"C:\\Users\\vibaki\\.m2\\repository\\org\\dom4j\\dom4j\\2.1.1\\dom4j-2.1.1.jar","sourceContainerUrl":"file:/C:/Users/vibaki/.m2/repository/org/dom4j/dom4j/2.1.1/dom4j-2.1.1-sources.jar","javadocContainerUrl":"file:/C:/Users/vibaki/.m2/repository/org/dom4j/dom4j/2.1.1/dom4j-2.1.1-javadoc.jar","isSystem":false,"isOwn":false,"isTest":false,"isJavaContent":false},{"kind":"binary","path":"C:\\Users\\vibaki\\.m2\\repository\\org\\hibernate\\common\\hibernate-commons-annotations\\5.0.4.Final\\hibernate-commons-annotations-5.0.4.Final.jar","sourceContainerUrl":"file:/C:/Users/vibaki/.m2/repository/org/hibernate/common/hibernate-commons-annotations/5.0.4.Final/hibernate-commons-annotations-5.0.4.Final-sources.jar","isSystem":false,"isOwn":false,"isTest":false,"isJavaContent":false},{"kind":"binary","path":"C:\\Users\\vibaki\\.m2\\repository\\org\\springframework\\data\\spring-data-jpa\\2.1.4.RELEASE\\spring-data-jpa-2.1.4.RELEASE.jar","sourceContainerUrl":"file:/C:/Users/vibaki/.m2/repository/org/springframework/data/spring-data-jpa/2.1.4.RELEASE/spring-data-jpa-2.1.4.RELEASE-sources.jar","javadocContainerUrl":"file:/C:/Users/vibaki/.m2/repository/org/springframework/data/spring-data-jpa/2.1.4.RELEASE/spring-data-jpa-2.1.4.RELEASE-javadoc.jar","isSystem":false,"isOwn":false,"isTest":false,"isJavaContent":false},{"kind":"binary","path":"C:\\Users\\vibaki\\.m2\\repository\\org\\springframework\\spring-orm\\5.1.4.RELEASE\\spring-orm-5.1.4.RELEASE.jar","sourceContainerUrl":"file:/C:/Users/vibaki/.m2/repository/org/springframework/spring-orm/5.1.4.RELEASE/spring-orm-5.1.4.RELEASE-sources.jar","javadocContainerUrl":"file:/C:/Users/vibaki/.m2/repository/org/springframework/spring-orm/5.1.4.RELEASE/spring-orm-5.1.4.RELEASE-javadoc.jar","isSystem":false,"isOwn":false,"isTest":false,"isJavaContent":false},{"kind":"binary","path":"C:\\Users\\vibaki\\.m2\\repository\\org\\springframework\\spring-aspects\\5.1.4.RELEASE\\spring-aspects-5.1.4.RELEASE.jar","sourceContainerUrl":"file:/C:/Users/vibaki/.m2/repository/org/springframework/spring-aspects/5.1.4.RELEASE/spring-aspects-5.1.4.RELEASE-sources.jar","javadocContainerUrl":"file:/C:/Users/vibaki/.m2/repository/org/springframework/spring-aspects/5.1.4.RELEASE/spring-aspects-5.1.4.RELEASE-javadoc.jar","isSystem":false,"isOwn":false,"isTest":false,"isJavaContent":false},{"kind":"binary","path":"C:\\Users\\vibaki\\.m2\\repository\\org\\springframework\\boot\\spring-boot-starter-test\\2.1.2.RELEASE\\spring-boot-starter-test-2.1.2.RELEASE.jar","isSystem":false,"isOwn":false,"isTest":false,"isJavaContent":false},{"kind":"binary","path":"C:\\Users\\vibaki\\.m2\\repository\\org\\springframework\\boot\\spring-boot-test\\2.1.2.RELEASE\\spring-boot-test-2.1.2.RELEASE.jar","sourceContainerUrl":"file:/C:/Users/vibaki/.m2/repository/org/springframework/boot/spring-boot-test/2.1.2.RELEASE/spring-boot-test-2.1.2.RELEASE-sources.jar","javadocContainerUrl":"file:/C:/Users/vibaki/.m2/repository/org/springframework/boot/spring-boot-test/2.1.2.RELEASE/spring-boot-test-2.1.2.RELEASE-javadoc.jar","isSystem":false,"isOwn":false,"isTest":false,"isJavaContent":false},{"kind":"binary","path":"C:\\Users\\vibaki\\.m2\\repository\\org\\springframework\\boot\\spring-boot-test-autoconfigure\\2.1.2.RELEASE\\spring-boot-test-autoconfigure-2.1.2.RELEASE.jar","sourceContainerUrl":"file:/C:/Users/vibaki/.m2/repository/org/springframework/boot/spring-boot-test-autoconfigure/2.1.2.RELEASE/spring-boot-test-autoconfigure-2.1.2.RELEASE-sources.jar","javadocContainerUrl":"file:/C:/Users/vibaki/.m2/repository/org/springframework/boot/spring-boot-test-autoconfigure/2.1.2.RELEASE/spring-boot-test-autoconfigure-2.1.2.RELEASE-javadoc.jar","isSystem":false,"isOwn":false,"isTest":false,"isJavaContent":false},{"kind":"binary","path":"C:\\Users\\vibaki\\.m2\\repository\\com\\jayway\\jsonpath\\json-path\\2.4.0\\json-path-2.4.0.jar","sourceContainerUrl":"file:/C:/Users/vibaki/.m2/repository/com/jayway/jsonpath/json-path/2.4.0/json-path-2.4.0-sources.jar","javadocContainerUrl":"file:/C:/Users/vibaki/.m2/repository/com/jayway/jsonpath/json-path/2.4.0/json-path-2.4.0-javadoc.jar","isSystem":false,"isOwn":false,"isTest":false,"isJavaContent":false},{"kind":"binary","path":"C:\\Users\\vibaki\\.m2\\repository\\net\\minidev\\json-smart\\2.3\\json-smart-2.3.jar","sourceContainerUrl":"file:/C:/Users/vibaki/.m2/repository/net/minidev/json-smart/2.3/json-smart-2.3-sources.jar","javadocContainerUrl":"file:/C:/Users/vibaki/.m2/repository/net/minidev/json-smart/2.3/json-smart-2.3-javadoc.jar","isSystem":false,"isOwn":false,"isTest":false,"isJavaContent":false},{"kind":"binary","path":"C:\\Users\\vibaki\\.m2\\repository\\net\\minidev\\accessors-smart\\1.2\\accessors-smart-1.2.jar","sourceContainerUrl":"file:/C:/Users/vibaki/.m2/repository/net/minidev/accessors-smart/1.2/accessors-smart-1.2-sources.jar","javadocContainerUrl":"file:/C:/Users/vibaki/.m2/repository/net/minidev/accessors-smart/1.2/accessors-smart-1.2-javadoc.jar","isSystem":false,"isOwn":false,"isTest":false,"isJavaContent":false},{"kind":"binary","path":"C:\\Users\\vibaki\\.m2\\repository\\org\\ow2\\asm\\asm\\5.0.4\\asm-5.0.4.jar","sourceContainerUrl":"file:/C:/Users/vibaki/.m2/repository/org/ow2/asm/asm/5.0.4/asm-5.0.4-sources.jar","javadocContainerUrl":"file:/C:/Users/vibaki/.m2/repository/org/ow2/asm/asm/5.0.4/asm-5.0.4-javadoc.jar","isSystem":false,"isOwn":false,"isTest":false,"isJavaContent":false},{"kind":"binary","path":"C:\\Users\\vibaki\\.m2\\repository\\junit\\junit\\4.12\\junit-4.12.jar","sourceContainerUrl":"file:/C:/Users/vibaki/.m2/repository/junit/junit/4.12/junit-4.12-sources.jar","javadocContainerUrl":"file:/C:/Users/vibaki/.m2/repository/junit/junit/4.12/junit-4.12-javadoc.jar","isSystem":false,"isOwn":false,"isTest":false,"isJavaContent":false},{"kind":"binary","path":"C:\\Users\\vibaki\\.m2\\repository\\org\\assertj\\assertj-core\\3.11.1\\assertj-core-3.11.1.jar","sourceContainerUrl":"file:/C:/Users/vibaki/.m2/repository/org/assertj/assertj-core/3.11.1/assertj-core-3.11.1-sources.jar","javadocContainerUrl":"file:/C:/Users/vibaki/.m2/repository/org/assertj/assertj-core/3.11.1/assertj-core-3.11.1-javadoc.jar","isSystem":false,"isOwn":false,"isTest":false,"isJavaContent":false},{"kind":"binary","path":"C:\\Users\\vibaki\\.m2\\repository\\org\\mockito\\mockito-core\\2.23.4\\mockito-core-2.23.4.jar","sourceContainerUrl":"file:/C:/Users/vibaki/.m2/repository/org/mockito/mockito-core/2.23.4/mockito-core-2.23.4-sources.jar","javadocContainerUrl":"file:/C:/Users/vibaki/.m2/repository/org/mockito/mockito-core/2.23.4/mockito-core-2.23.4-javadoc.jar","isSystem":false,"isOwn":false,"isTest":false,"isJavaContent":false},{"kind":"binary","path":"C:\\Users\\vibaki\\.m2\\repository\\net\\bytebuddy\\byte-buddy-agent\\1.9.7\\byte-buddy-agent-1.9.7.jar","sourceContainerUrl":"file:/C:/Users/vibaki/.m2/repository/net/bytebuddy/byte-buddy-agent/1.9.7/byte-buddy-agent-1.9.7-sources.jar","javadocContainerUrl":"file:/C:/Users/vibaki/.m2/repository/net/bytebuddy/byte-buddy-agent/1.9.7/byte-buddy-agent-1.9.7-javadoc.jar","isSystem":false,"isOwn":false,"isTest":false,"isJavaContent":false},{"kind":"binary","path":"C:\\Users\\vibaki\\.m2\\repository\\org\\objenesis\\objenesis\\2.6\\objenesis-2.6.jar","sourceContainerUrl":"file:/C:/Users/vibaki/.m2/repository/org/objenesis/objenesis/2.6/objenesis-2.6-sources.jar","javadocContainerUrl":"file:/C:/Users/vibaki/.m2/repository/org/objenesis/objenesis/2.6/objenesis-2.6-javadoc.jar","isSystem":false,"isOwn":false,"isTest":false,"isJavaContent":false},{"kind":"binary","path":"C:\\Users\\vibaki\\.m2\\repository\\org\\hamcrest\\hamcrest-core\\1.3\\hamcrest-core-1.3.jar","sourceContainerUrl":"file:/C:/Users/vibaki/.m2/repository/org/hamcrest/hamcrest-core/1.3/hamcrest-core-1.3-sources.jar","javadocContainerUrl":"file:/C:/Users/vibaki/.m2/repository/org/hamcrest/hamcrest-core/1.3/hamcrest-core-1.3-javadoc.jar","isSystem":false,"isOwn":false,"isTest":false,"isJavaContent":false},{"kind":"binary","path":"C:\\Users\\vibaki\\.m2\\repository\\org\\hamcrest\\hamcrest-library\\1.3\\hamcrest-library-1.3.jar","sourceContainerUrl":"file:/C:/Users/vibaki/.m2/repository/org/hamcrest/hamcrest-library/1.3/hamcrest-library-1.3-sources.jar","javadocContainerUrl":"file:/C:/Users/vibaki/.m2/repository/org/hamcrest/hamcrest-library/1.3/hamcrest-library-1.3-javadoc.jar","isSystem":false,"isOwn":false,"isTest":false,"isJavaContent":false},{"kind":"binary","path":"C:\\Users\\vibaki\\.m2\\repository\\org\\skyscreamer\\jsonassert\\1.5.0\\jsonassert-1.5.0.jar","sourceContainerUrl":"file:/C:/Users/vibaki/.m2/repository/org/skyscreamer/jsonassert/1.5.0/jsonassert-1.5.0-sources.jar","javadocContainerUrl":"file:/C:/Users/vibaki/.m2/repository/org/skyscreamer/jsonassert/1.5.0/jsonassert-1.5.0-javadoc.jar","isSystem":false,"isOwn":false,"isTest":false,"isJavaContent":false},{"kind":"binary","path":"C:\\Users\\vibaki\\.m2\\repository\\com\\vaadin\\external\\google\\android-json\\0.0.20131108.vaadin1\\android-json-0.0.20131108.vaadin1.jar","sourceContainerUrl":"file:/C:/Users/vibaki/.m2/repository/com/vaadin/external/google/android-json/0.0.20131108.vaadin1/android-json-0.0.20131108.vaadin1-sources.jar","javadocContainerUrl":"file:/C:/Users/vibaki/.m2/repository/com/vaadin/external/google/android-json/0.0.20131108.vaadin1/android-json-0.0.20131108.vaadin1-javadoc.jar","isSystem":false,"isOwn":false,"isTest":false,"isJavaContent":false},{"kind":"binary","path":"C:\\Users\\vibaki\\.m2\\repository\\org\\springframework\\spring-core\\5.1.4.RELEASE\\spring-core-5.1.4.RELEASE.jar","sourceContainerUrl":"file:/C:/Users/vibaki/.m2/repository/org/springframework/spring-core/5.1.4.RELEASE/spring-core-5.1.4.RELEASE-sources.jar","javadocContainerUrl":"file:/C:/Users/vibaki/.m2/repository/org/springframework/spring-core/5.1.4.RELEASE/spring-core-5.1.4.RELEASE-javadoc.jar","isSystem":false,"isOwn":false,"isTest":false,"isJavaContent":false},{"kind":"binary","path":"C:\\Users\\vibaki\\.m2\\repository\\org\\springframework\\spring-jcl\\5.1.4.RELEASE\\spring-jcl-5.1.4.RELEASE.jar","sourceContainerUrl":"file:/C:/Users/vibaki/.m2/repository/org/springframework/spring-jcl/5.1.4.RELEASE/spring-jcl-5.1.4.RELEASE-sources.jar","javadocContainerUrl":"file:/C:/Users/vibaki/.m2/repository/org/springframework/spring-jcl/5.1.4.RELEASE/spring-jcl-5.1.4.RELEASE-javadoc.jar","isSystem":false,"isOwn":false,"isTest":false,"isJavaContent":false},{"kind":"binary","path":"C:\\Users\\vibaki\\.m2\\repository\\org\\springframework\\spring-test\\5.1.4.RELEASE\\spring-test-5.1.4.RELEASE.jar","sourceContainerUrl":"file:/C:/Users/vibaki/.m2/repository/org/springframework/spring-test/5.1.4.RELEASE/spring-test-5.1.4.RELEASE-sources.jar","javadocContainerUrl":"file:/C:/Users/vibaki/.m2/repository/org/springframework/spring-test/5.1.4.RELEASE/spring-test-5.1.4.RELEASE-javadoc.jar","isSystem":false,"isOwn":false,"isTest":false,"isJavaContent":false},{"kind":"binary","path":"C:\\Users\\vibaki\\.m2\\repository\\org\\xmlunit\\xmlunit-core\\2.6.2\\xmlunit-core-2.6.2.jar","sourceContainerUrl":"file:/C:/Users/vibaki/.m2/repository/org/xmlunit/xmlunit-core/2.6.2/xmlunit-core-2.6.2-sources.jar","javadocContainerUrl":"file:/C:/Users/vibaki/.m2/repository/org/xmlunit/xmlunit-core/2.6.2/xmlunit-core-2.6.2-javadoc.jar","isSystem":false,"isOwn":false,"isTest":false,"isJavaContent":false},{"kind":"binary","path":"C:\\Users\\vibaki\\.m2\\repository\\com\\intuit\\karate\\karate-apache\\0.9.2\\karate-apache-0.9.2.jar","sourceContainerUrl":"file:/C:/Users/vibaki/.m2/repository/com/intuit/karate/karate-apache/0.9.2/karate-apache-0.9.2-sources.jar","javadocContainerUrl":"file:/C:/Users/vibaki/.m2/repository/com/intuit/karate/karate-apache/0.9.2/karate-apache-0.9.2-javadoc.jar","isSystem":false,"isOwn":false,"isTest":false,"isJavaContent":false},{"kind":"binary","path":"C:\\Users\\vibaki\\.m2\\repository\\com\\intuit\\karate\\karate-core\\0.9.2\\karate-core-0.9.2.jar","sourceContainerUrl":"file:/C:/Users/vibaki/.m2/repository/com/intuit/karate/karate-core/0.9.2/karate-core-0.9.2-sources.jar","javadocContainerUrl":"file:/C:/Users/vibaki/.m2/repository/com/intuit/karate/karate-core/0.9.2/karate-core-0.9.2-javadoc.jar","isSystem":false,"isOwn":false,"isTest":false,"isJavaContent":false},{"kind":"binary","path":"C:\\Users\\vibaki\\.m2\\repository\\info\\cukes\\cucumber-java\\1.2.5\\cucumber-java-1.2.5.jar","sourceContainerUrl":"file:/C:/Users/vibaki/.m2/repository/info/cukes/cucumber-java/1.2.5/cucumber-java-1.2.5-sources.jar","javadocContainerUrl":"file:/C:/Users/vibaki/.m2/repository/info/cukes/cucumber-java/1.2.5/cucumber-java-1.2.5-javadoc.jar","isSystem":false,"isOwn":false,"isTest":false,"isJavaContent":false},{"kind":"binary","path":"C:\\Users\\vibaki\\.m2\\repository\\info\\cukes\\cucumber-core\\1.2.5\\cucumber-core-1.2.5.jar","sourceContainerUrl":"file:/C:/Users/vibaki/.m2/repository/info/cukes/cucumber-core/1.2.5/cucumber-core-1.2.5-sources.jar","javadocContainerUrl":"file:/C:/Users/vibaki/.m2/repository/info/cukes/cucumber-core/1.2.5/cucumber-core-1.2.5-javadoc.jar","isSystem":false,"isOwn":false,"isTest":false,"isJavaContent":false},{"kind":"binary","path":"C:\\Users\\vibaki\\.m2\\repository\\de\\siegmar\\fastcsv\\1.0.3\\fastcsv-1.0.3.jar","sourceContainerUrl":"file:/C:/Users/vibaki/.m2/repository/de/siegmar/fastcsv/1.0.3/fastcsv-1.0.3-sources.jar","javadocContainerUrl":"file:/C:/Users/vibaki/.m2/repository/de/siegmar/fastcsv/1.0.3/fastcsv-1.0.3-javadoc.jar","isSystem":false,"isOwn":false,"isTest":false,"isJavaContent":false},{"kind":"binary","path":"C:\\Users\\vibaki\\.m2\\repository\\info\\picocli\\picocli\\3.0.1\\picocli-3.0.1.jar","sourceContainerUrl":"file:/C:/Users/vibaki/.m2/repository/info/picocli/picocli/3.0.1/picocli-3.0.1-sources.jar","javadocContainerUrl":"file:/C:/Users/vibaki/.m2/repository/info/picocli/picocli/3.0.1/picocli-3.0.1-javadoc.jar","isSystem":false,"isOwn":false,"isTest":false,"isJavaContent":false},{"kind":"binary","path":"C:\\Users\\vibaki\\.m2\\repository\\org\\apache\\httpcomponents\\httpclient\\4.5.6\\httpclient-4.5.6.jar","sourceContainerUrl":"file:/C:/Users/vibaki/.m2/repository/org/apache/httpcomponents/httpclient/4.5.6/httpclient-4.5.6-sources.jar","javadocContainerUrl":"file:/C:/Users/vibaki/.m2/repository/org/apache/httpcomponents/httpclient/4.5.6/httpclient-4.5.6-javadoc.jar","isSystem":false,"isOwn":false,"isTest":false,"isJavaContent":false},{"kind":"binary","path":"C:\\Users\\vibaki\\.m2\\repository\\org\\apache\\httpcomponents\\httpcore\\4.4.10\\httpcore-4.4.10.jar","sourceContainerUrl":"file:/C:/Users/vibaki/.m2/repository/org/apache/httpcomponents/httpcore/4.4.10/httpcore-4.4.10-sources.jar","javadocContainerUrl":"file:/C:/Users/vibaki/.m2/repository/org/apache/httpcomponents/httpcore/4.4.10/httpcore-4.4.10-javadoc.jar","isSystem":false,"isOwn":false,"isTest":false,"isJavaContent":false},{"kind":"binary","path":"C:\\Users\\vibaki\\.m2\\repository\\commons-codec\\commons-codec\\1.11\\commons-codec-1.11.jar","sourceContainerUrl":"file:/C:/Users/vibaki/.m2/repository/commons-codec/commons-codec/1.11/commons-codec-1.11-sources.jar","javadocContainerUrl":"file:/C:/Users/vibaki/.m2/repository/commons-codec/commons-codec/1.11/commons-codec-1.11-javadoc.jar","isSystem":false,"isOwn":false,"isTest":false,"isJavaContent":false},{"kind":"binary","path":"C:\\Users\\vibaki\\.m2\\repository\\org\\apache\\httpcomponents\\httpmime\\4.5.6\\httpmime-4.5.6.jar","sourceContainerUrl":"file:/C:/Users/vibaki/.m2/repository/org/apache/httpcomponents/httpmime/4.5.6/httpmime-4.5.6-sources.jar","javadocContainerUrl":"file:/C:/Users/vibaki/.m2/repository/org/apache/httpcomponents/httpmime/4.5.6/httpmime-4.5.6-javadoc.jar","isSystem":false,"isOwn":false,"isTest":false,"isJavaContent":false},{"kind":"binary","path":"C:\\Users\\vibaki\\.m2\\repository\\org\\slf4j\\jcl-over-slf4j\\1.7.25\\jcl-over-slf4j-1.7.25.jar","sourceContainerUrl":"file:/C:/Users/vibaki/.m2/repository/org/slf4j/jcl-over-slf4j/1.7.25/jcl-over-slf4j-1.7.25-sources.jar","javadocContainerUrl":"file:/C:/Users/vibaki/.m2/repository/org/slf4j/jcl-over-slf4j/1.7.25/jcl-over-slf4j-1.7.25-javadoc.jar","isSystem":false,"isOwn":false,"isTest":false,"isJavaContent":false},{"kind":"binary","path":"C:\\Users\\vibaki\\.m2\\repository\\ch\\qos\\logback\\logback-classic\\1.2.3\\logback-classic-1.2.3.jar","sourceContainerUrl":"file:/C:/Users/vibaki/.m2/repository/ch/qos/logback/logback-classic/1.2.3/logback-classic-1.2.3-sources.jar","javadocContainerUrl":"file:/C:/Users/vibaki/.m2/repository/ch/qos/logback/logback-classic/1.2.3/logback-classic-1.2.3-javadoc.jar","isSystem":false,"isOwn":false,"isTest":false,"isJavaContent":false},{"kind":"binary","path":"C:\\Users\\vibaki\\.m2\\repository\\ch\\qos\\logback\\logback-core\\1.2.3\\logback-core-1.2.3.jar","sourceContainerUrl":"file:/C:/Users/vibaki/.m2/repository/ch/qos/logback/logback-core/1.2.3/logback-core-1.2.3-sources.jar","javadocContainerUrl":"file:/C:/Users/vibaki/.m2/repository/ch/qos/logback/logback-core/1.2.3/logback-core-1.2.3-javadoc.jar","isSystem":false,"isOwn":false,"isTest":false,"isJavaContent":false},{"kind":"binary","path":"C:\\Users\\vibaki\\.m2\\repository\\org\\openjfx\\javafx-controls\\12-ea+9\\javafx-controls-12-ea+9.jar","sourceContainerUrl":"file:/C:/Users/vibaki/.m2/repository/org/openjfx/javafx-controls/12-ea+9/javafx-controls-12-ea+9-sources.jar","javadocContainerUrl":"file:/C:/Users/vibaki/.m2/repository/org/openjfx/javafx-controls/12-ea+9/javafx-controls-12-ea+9-javadoc.jar","isSystem":false,"isOwn":false,"isTest":false,"isJavaContent":false},{"kind":"binary","path":"C:\\Users\\vibaki\\.m2\\repository\\org\\openjfx\\javafx-controls\\12-ea+9\\javafx-controls-12-ea+9-win.jar","sourceContainerUrl":"file:/C:/Users/vibaki/.m2/repository/org/openjfx/javafx-controls/12-ea+9/javafx-controls-12-ea+9-sources.jar","javadocContainerUrl":"file:/C:/Users/vibaki/.m2/repository/org/openjfx/javafx-controls/12-ea+9/javafx-controls-12-ea+9-javadoc.jar","isSystem":false,"isOwn":false,"isTest":false,"isJavaContent":false},{"kind":"binary","path":"C:\\Users\\vibaki\\.m2\\repository\\org\\openjfx\\javafx-graphics\\12-ea+9\\javafx-graphics-12-ea+9.jar","sourceContainerUrl":"file:/C:/Users/vibaki/.m2/repository/org/openjfx/javafx-graphics/12-ea+9/javafx-graphics-12-ea+9-sources.jar","javadocContainerUrl":"file:/C:/Users/vibaki/.m2/repository/org/openjfx/javafx-graphics/12-ea+9/javafx-graphics-12-ea+9-javadoc.jar","isSystem":false,"isOwn":false,"isTest":false,"isJavaContent":false},{"kind":"binary","path":"C:\\Users\\vibaki\\.m2\\repository\\org\\openjfx\\javafx-graphics\\12-ea+9\\javafx-graphics-12-ea+9-win.jar","sourceContainerUrl":"file:/C:/Users/vibaki/.m2/repository/org/openjfx/javafx-graphics/12-ea+9/javafx-graphics-12-ea+9-sources.jar","javadocContainerUrl":"file:/C:/Users/vibaki/.m2/repository/org/openjfx/javafx-graphics/12-ea+9/javafx-graphics-12-ea+9-javadoc.jar","isSystem":false,"isOwn":false,"isTest":false,"isJavaContent":false},{"kind":"binary","path":"C:\\Users\\vibaki\\.m2\\repository\\org\\openjfx\\javafx-base\\12-ea+9\\javafx-base-12-ea+9.jar","sourceContainerUrl":"file:/C:/Users/vibaki/.m2/repository/org/openjfx/javafx-base/12-ea+9/javafx-base-12-ea+9-sources.jar","javadocContainerUrl":"file:/C:/Users/vibaki/.m2/repository/org/openjfx/javafx-base/12-ea+9/javafx-base-12-ea+9-javadoc.jar","isSystem":false,"isOwn":false,"isTest":false,"isJavaContent":false},{"kind":"binary","path":"C:\\Users\\vibaki\\.m2\\repository\\org\\openjfx\\javafx-base\\12-ea+9\\javafx-base-12-ea+9-win.jar","sourceContainerUrl":"file:/C:/Users/vibaki/.m2/repository/org/openjfx/javafx-base/12-ea+9/javafx-base-12-ea+9-sources.jar","javadocContainerUrl":"file:/C:/Users/vibaki/.m2/repository/org/openjfx/javafx-base/12-ea+9/javafx-base-12-ea+9-javadoc.jar","isSystem":false,"isOwn":false,"isTest":false,"isJavaContent":false},{"kind":"binary","path":"C:\\Users\\vibaki\\.m2\\repository\\com\\intuit\\karate\\karate-junit4\\0.9.2\\karate-junit4-0.9.2.jar","sourceContainerUrl":"file:/C:/Users/vibaki/.m2/repository/com/intuit/karate/karate-junit4/0.9.2/karate-junit4-0.9.2-sources.jar","javadocContainerUrl":"file:/C:/Users/vibaki/.m2/repository/com/intuit/karate/karate-junit4/0.9.2/karate-junit4-0.9.2-javadoc.jar","isSystem":false,"isOwn":false,"isTest":false,"isJavaContent":false},{"kind":"source","path":"C:\\Users\\vibaki\\Downloads\\JUnit Codes\\onepdl-loc-data-service-feature-onepdl-1785\\src\\main\\java","outputFolder":"C:\\Users\\vibaki\\Downloads\\JUnit Codes\\onepdl-loc-data-service-feature-onepdl-1785\\target\\classes","javadocContainerUrl":"file:/C:/Users/vibaki/Downloads/JUnit%20Codes/onepdl-loc-data-service-feature-onepdl-1785/target/site/apidocs","isSystem":false,"isOwn":true,"isTest":false,"isJavaContent":true},{"kind":"source","path":"C:\\Users\\vibaki\\Downloads\\JUnit Codes\\onepdl-loc-data-service-feature-onepdl-1785\\src\\test\\java","outputFolder":"C:\\Users\\vibaki\\Downloads\\JUnit Codes\\onepdl-loc-data-service-feature-onepdl-1785\\target\\test-classes","javadocContainerUrl":"file:/C:/Users/vibaki/Downloads/JUnit%20Codes/onepdl-loc-data-service-feature-onepdl-1785/target/site/apidocs","isSystem":false,"isOwn":true,"isTest":true,"isJavaContent":true},{"kind":"source","path":"C:\\Users\\vibaki\\Downloads\\JUnit Codes\\onepdl-loc-data-service-feature-onepdl-1785\\src\\main\\resources","outputFolder":"C:\\Users\\vibaki\\Downloads\\JUnit Codes\\onepdl-loc-data-service-feature-onepdl-1785\\target\\classes","isSystem":false,"isOwn":true,"isTest":false,"isJavaContent":false},{"kind":"source","path":"C:\\Users\\vibaki\\Downloads\\JUnit Codes\\onepdl-loc-data-service-feature-onepdl-1785\\src\\test\\resources","outputFolder":"C:\\Users\\vibaki\\Downloads\\JUnit Codes\\onepdl-loc-data-service-feature-onepdl-1785\\target\\test-classes","isSystem":false,"isOwn":true,"isTest":true,"isJavaContent":false},{"kind":"source","path":"C:\\Users\\vibaki\\Downloads\\JUnit Codes\\onepdl-loc-data-service-feature-onepdl-1785\\src\\test\\java","outputFolder":"C:\\Users\\vibaki\\Downloads\\JUnit Codes\\onepdl-loc-data-service-feature-onepdl-1785\\target\\test-classes","javadocContainerUrl":"file:/C:/Users/vibaki/Downloads/JUnit%20Codes/onepdl-loc-data-service-feature-onepdl-1785/target/site/apidocs","isSystem":false,"isOwn":true,"isTest":false,"isJavaContent":false}]}